"1","A","Austria","Austra","AT","Europe","Europe","1","0"
"2","AL","Albania","Albania","AL","Europe","Europe","0","0"
"3","AO","Angola","Angola","AO","Africa","Africa","0","0"
"4","AND","Andorra","Andorra","AD","Europe","Europe","0","0"
"5","ARM","Armenia","Armenia","AM","Asia","Asia","0","0"
"6","AUS","Australia","Australia","AU","Oceania","Oceania","0","0"
"7","B","Belgium","Belgio","BE","Europe","Europe","1","0"
"8","BD","Banglahdesh","BANGLADESH"," BD","Asia","Asia","0","0"
"9","BDS","Barbados","Barbados","BB","Central America","America","0","0"
"10","BG","Bulgaria","Bulgaria","BG","Europe","Europe","0","0"
"11","BIH","Bosnia Herzegowina","BOSNIA-ERZEGOVINA","BA","Europe","Europe","0","0"
"12","BOL","Bolivia","Bolivia","BO","South America","America","0","0"
"13","BR","Brazil","Brasile","BR","South America","America","0","0"
"14","BW","Botswana","Botswana","BW","Africa","Africa","0","0"
"15","BY","Belarus","Bielorussia","BY","Europe","Europe","0","0"
"16","C","Cuba","Cuba","CU","Central America","America","0","0"
"17","CDN","Canada","Canada","CA","North America","America","0","0"
"18","CH","Switzerland","Svizzera","CH","Europe","Europe","0","0"
"19","CI","Ivory Coast","Costa d'avorio","CI","Africa","Africa","0","0"
"20","LK","Sri Lanka","Sri Lanka","LK","Asia","Asia","0","0"
"21","CO","Colombia","Colombia","CO","South America","America","0","0"
"22","CR","Costa Rica","Costa Rica","CR","Central America","America","0","0"
"23","CY","Cyprus","Cipro","CY","Europe","Europe","0","0"
"24","CZ","Czech Republik","repubblica Ceca","CZ","Europe","Europe","0","0"
"25","D","Germany","Germania","DE","Europe","Europe","1","0"
"26","DK","Denmark","Danimarca","DK","Europe","Europe","1","0"
"27","DOM","Dominican Republic","Repubblica Dominicana","DO","Central America","America","0","0"
"28","DZ","Algeria","Algeria","DZ","North Africa","Africa","0","0"
"150","BT","Bhutan","Bhutan","BT","Asia","Asia","0","0"
"30","EAK","Kenya","Kenia","KE","Africa","Africa","0","0"
"31","EAT","Tanzania","Tanzania","TZ","Africa","Africa","0","0"
"32","EAU","Uganda","Uganda","UG","Africa","Africa","0","0"
"33","EC","Ecuador","Ecuador","EC","South America","America","0","0"
"34","ES","El Salvador","El Salvador","SV","Central America","America","0","0"
"35","EST","Estonia","Estonia","EE","Europe","Europe","0","0"
"36","EG","Egypt","Egitto","EG","North Africa","Africa","0","0"
"37","F","France","Francia","FR","Europe","Europe","1","0"
"38","FIN","Finland","Finlandia","FI","Europe","Europe","1","0"
"39","FL","Liechtenstein","Liechtenstein","LI","Europe","Europe","0","0"
"40","GB","United Kingdom","REGNO UNITO","UK","Europe","Europe","1","0"
"41","GBG","Guernsey",,"l","South America","America","0","0"
"42","GBJ","Jersey",,"l","South America","America","0","0"
"43","GBZ","Gibraltar",,"GI","Europe","Europe","0","0"
"44","GE","Georgia","Georgia","GE","Europe","Europe","0","0"
"45","GR","Greece","Grecia","GR","Europe","Europe","1","0"
"46","H","Hungary","Ungheria","HU","Europe","Europe","0","0"
"47","HK","Hong Kong","Honk Kong","HK","Asia","Asia","0","0"
"48","HKJ","Jordan",,"JO","Asia","Asia","0","0"
"49","HR","Croatia","Croazia","HR","Europe","Europe","0","0"
"50","I","Italy","Italia","IT","Europe","Europe","1","0"
"51","IL","Isreal","Israele","IL","Middle East","Asia","0","0"
"52","IND","India","India","IN","Asia","Asia","0","0"
"53","IR","Iran","Iran","IR","Middle East","Asia","0","0"
"54","IRL","Ireland","Irlanda","IE","Europe","Europe","1","0"
"55","IRQ","Irak","Iraq","IQ","Middle East","Asia","0","0"
"56","IS","Iceland","Islanda","IS","Europe","Europe","0","0"
"57","J","Japan","Giappone","JP","Asia","Asia","0","0"
"58","JA","Jamaica","Giamaica","JM","Central America","America","0","0"
"59","JOR","Jordania","Giordania","l","Middle East","Asia","0","0"
"60","KG","Kyrghizstan","KIRGHIZISTAN","l","Asia","Asia","0","0"
"61","KWT","Kuwait","Kuwait","KW","Middle East","Asia","0","0"
"62","KZ","Kazakhstan","KAZAKISTAN","KZ","Asia","Asia","0","0"
"63","L","Luxembourg","Lussemburgo","LU","Europe","Europe","1","0"
"64","LAR","Libya","Libia","LY","North Africa","Africa","0","0"
"65","LS","Lesotho","Lesotho","LS","Africa","Africa","0","0"
"66","LT","Lithuania","Lituania","LT","Europe","Europe","0","0"
"67","LV","Latvia","Lettonia","LV","Europe","Europe","0","0"
"68","M","Malta","Malta","MT","Europe","Europe","0","0"
"69","MA","Marocco","Marocco","MA","North Africa","Africa","0","0"
"70","MAL","Malaysia","Malesia","MY","South-East Asia","Asia","0","0"
"71","MC","Monaco","Monaco","MC","Europe","Europe","0","0"
"72","MD","Moldova","Moldavia","MD","Europe","Europe","0","0"
"73","MEX","Mexico","Messico","MX","Central America","America","0","0"
"74","MG","Madagascar","Madagascar","MG","Africa","Africa","0","0"
"75","MK","Macedonia","Macedonia","MK","Europe","Europe","0","0"
"76","MS","Mauritius","Mauritius","MU","Africa","Africa","0","0"
"77","MW","Malawi","Malawi","MW","Africa","Africa","0","0"
"78","MZ","Mozambique","Mozzambico","MZ","Africa","Africa","0","0"
"79","N","Norway","Norvegia","NO","Europe","Europe","0","0"
"80","AN","Netherlands Antilles","Antille olandesi","AN","Central America","America","0","0"
"81","NL","Netherlands","Olanda","NL","Europe","Europe","1","0"
"82","NZ","New Zealand","Nuova zelanda","NZ","Oceania","Oceania","0","0"
"83","P","Portugal","Portogallo","PT","Europe","Europe","1","0"
"84","PE","Peru","Peru","PE","South America","America","0","0"
"85","PK","Pakistan","Pakistan","PK","Asia","Asia","0","0"
"86","PL","Poland","Polonia","PL","Europe","Europe","0","0"
"87","PY","Paraguay","Paraguay","PY","South America","South America","0","0"
"88","QA","Qatar","Qatar","QA","Middle East","Asia","0","0"
"89","RA","Argentina","Argentina","AR","South America","America","0","0"
"90","RC","China","Cina","CN","Asia","Asia","0","0"
"91","RCH","Chile","Cile","CL","South America","America","0","0"
"92","RI","Indonesia","Indonesia","ID","South-East Asia","Asia","0","0"
"93","RL","Lebanon","Libano","LB","Middle East","Asia","0","0"
"94","RNR","Zambia","Zambia","ZM","Africa","Africa","0","0"
"95","RO","Romania","Romania","RO","Europe","Europe","0","0"
"96","ROK","South Korea","Corea del sud","KR","Asia","Asia","0","0"
"97","ROU","Uruguay","Uruguay","UY","South America","America","0","0"
"98","RP","Philippines","Filippine","PH","South-East Asia","Asia","0","0"
"99","RSM","San Marino","San Marino","SM","Europe","Europe","0","0"
"100","BU","Burundi","Burundi","BI","Africa","Africa","0","0"
"101","RUS","Russia","Russia","RU","Europe","Europe","0","0"
"102","S","Sweden","Svezia","SE","Europe","Europe","1","0"
"103","SA","Saudi Arabia","Arabia saudita","SA","Middle East","Asia","0","0"
"104","SG","Singapore","Singapore","SG","South-East Asia","Asia","0","0"
"105","SK","Slovakia","Slovacchia","SK","Europe","Europe","0","0"
"106","SLO","Slovenia","Slovenia","SI","Europe","Europe","0","0"
"107","SN","Senegal","Senegal","SN","Africa","Africa","0","0"
"108","SUD","Sudan","Sudan","SD","Africa","Africa","0","0"
"109","SVC","Vatican",,"VT","Europe","Europe","0","0"
"110","SYR","Syria","Siria","SY","Middle East","Asia","0","0"
"111","TH","Thailand","THAILANDIA","TH","South-East Asia","Asia","0","0"
"112","TN","Tunesia","Tunisia","TN","North Africa","Africa","0","0"
"113","TR","Turkey","Turchia","TR","Europe","Europe","0","0"
"114","TT","Trinidad - Tobago","Trinidad - Tobago","TT","Central America","America","0","0"
"115","UA","Ukraine","Ucraina","UA","Europe","Europe","0","0"
"116","UAE","U.A.Emirates","U.A.E. EMIRATI ARABI UNITI","AE","Middle East","Asia","0","0"
"117","USA","USA","USA","US","North America","America","0","0"
"118","YE","Republic of Yemen","Yemen","YE","Middle East","Asia","0","0"
"119","YU","Yugoslavia","SERBIA-MONTENEGRO","YU","Europe","Europe","0","0"
"120","YV","Venezuela","Venezuela","VE","South America","America","0","0"
"121","ZA","South Africa","Sud Africa","ZA","Africa","Africa","0","0"
"122","ZW","Zimbabwe","Zimbabwe","ZW","Africa","Africa","0","0"
"124","TW","Taiwan R.O.C.","Taiwan","TW","Asia","Asia","0","0"
"125","NI","Nicaragua","Nicaragua","NI","Central America","America","0","0"
"126","HN","Honduras","Honduras","HN","Central America","America","0","0"
"127","GT","Guatemala","Guatemala","GT","Central America","America","0","0"
"128","PA","Panama","Panama","PA","Central America","America","0","0"
"129","KH","Cambodia","Cambogia","KH","South-East Asia","Asia","0","0"
"130","VN","Vietnam","Vietnam","VN","South-East Asia","Asia","0","0"
"131","MM","Myanmar","Birmania","MM","South-East Asia",NULL,"0","0"
"132","AZ","Azerbaijan","AZERBAIGIAN","AZ","Europe","Europe","0","0"
"133","OM","Oman","Oman","OM","Middle East","Asia","0","0"
"134","PR","Puerto Rico","Puerto Rico","PR","Central America","America","0","0"
"135","LA","Laos","Laos","LA","South-East Asia","Asia","0","0"
"136","HA","Haiti","Haiti","HA","Central America","America","0","0"
"137","BA","Barahin","BAHREIN","BA","Middle East","Asia","0","0"
"138",,"Tahiti","Tahiti",,"Oceania","Oceania","0","0"
"139","RE","Reunion Isle",,"RE","Africa","Africa","0","0"
"140","TJ","Tajikistan","TAJIKISTAN","TJ","Asia","Asia","0","0"
"141","TM","TURKMENISTAN","TURKMENISTAN","TM","Asia","Asia","0","0"
"142","MQ","MARTINIQUE","Martinica","MQ","Central America","Central America","0","0"
"143","UZ","UZBEKISTAN","UZBEKISTAN","UZ","Asia","Asia","0","0"
"144","GP","GUADELOUPE","Guadalupa","GP","Central America","Central America","0","0"
"145","SR","Suriname","Suriname","SR","South America","South America","0","0"
"146","GY","Guyana","Guyana","GY","South America","South America","0","0"
"147","BZ","Belize","BELIZE","BZ","Central America","Central America","0","0"
"148","PG","Papua New Guinea","Nuova Guinea","PG","Oceania","Oceania","0","0"
"149","NP","Nepal","Nepal","NP","Asia","Asia","0","0"
"29","E","Spain","Spagna","ES","Europe","Europe","1","0"
"152","GW","Guinea-Bissau","Guinea-Bissau","GW","Africa","Africa","0","0"
"153","AF","Afghanistan","Afghanistan","AF","Asia","Asia","0","0"
"154","MV","Maldives","MALDIVE","MV","Asia","Asia","0","0"
"155","VG","BRITISH VIRGIN ISLANDS","Isole Vergini Britanniche","vg","Central America","America","0","0"
"156","SCG","Serbia and Montenegro","SERBIA & MONTENEGRO","CG","Europe","Europe","0","0"
"157","PSE","Palestinian Territory","PALESTINA","PS","Middle East","Asia","0","0"
"158","GH","Ghana","Ghana","GH","Africa","Africa","0","0"
"159","ER","Eritrea","ERITREA","ER","Africa","Africa","0","0"
"160","ET","Ethiopia","Etiopia","ET","Africa","Africa","0","0"
"161","GA","Gabon","Gabon","GA","Africa","Africa","0","0"
"162","GM","Gambia","Gambia","GM","Africa","Africa","0","0"
"163","MR","Mauritania","Mauritania","MR","Africa","Africa","0","0"
"164","NA","Nanibia","Nanibia","NA","Africa","Africa","0","0"
"165","Ne","Niger","Niger","Ne","Africa","Africa","0","0"
"166","NG","Nigeria","Nigeria","NG","Africa","Africa","0","0"
"167","RW","Rwanda","Ruanda","RW","Africa","Africa","0","0"
"168","SO","Somalia","Somalia","SO","Africa","Africa","0","0"
"169","SZ","Swaziland","Swaziland","SZ","Africa","Africa","0","0"
"170","TG","Togo","Togo","TG","Africa","Africa","0","0"
"171","EH","Western Sahara","Western Sahara","EH","Africa","Africa","0","0"
"172","ZAi","Zaire","Zaire","ZAi","Africa","Africa","0","0"
"173","BJ","Benin","Benin","BJ","Africa","Africa","0","0"
"174","BF","Burkina Faso","Burkina Faso","BF","Africa","Africa","0","0"
"175","CV","Cape Verde","Capo Verde","CV","Africa","Africa","0","0"
"176","TD","Chad","Ciad","TD","Africa","Africa","0","0"
"177","CF","Central African Republic","Repubblica Centraficana","CF","Africa","Africa","0","0"
"178","CG","Congo","Congo","CG","Africa","Africa","0","0"
